{"noiseKey":{"private":{"type":"Buffer","data":"UC0/JVzYPo96GwWvJxpmrzkT2h08vYK5ga+j1iBxiHw="},"public":{"type":"Buffer","data":"p7YHEGYxDRY7tBHVVGPFGoGYePvXOJylmymyRGtkOHI="}},"signedIdentityKey":{"private":{"type":"Buffer","data":"KLoRIBs3gee8kgY5k/A8ZuWD5sEAq3F6eTGQA6cRb1Y="},"public":{"type":"Buffer","data":"cvNAgaGWJOMSJ+jFXdLDHyYgHKtYDnlwbl4zKnuKUD4="}},"signedPreKey":{"keyPair":{"private":{"type":"Buffer","data":"8OKfShNtS3vBsZU2kdULpc7Van+kHRfop7AMs2r/92A="},"public":{"type":"Buffer","data":"P4UGIj6NtMsF+/1Y0y1tTgmRXhbbjQBKUt5RVfu9+HE="}},"signature":{"type":"Buffer","data":"TEb/DIqYBSR/sGF+SWD+DI8rAKGLc8i5SgQX7oIB+mthUia6BbbQUtQJuXPuMFxPAIg+kWeHYVHtBAByI7tngA=="},"keyId":1},"registrationId":77,"advSecretKey":"9zljqjojASQVHEkk6OlPq6/TKGrOuQlGmA3VE2XWkyw=","processedHistoryMessages":[{"key":{"remoteJid":"94779529221@s.whatsapp.net","fromMe":true,"id":"247E919014E60B8EEE1C5D0D0E01E5A7"},"messageTimestamp":1697525101},{"key":{"remoteJid":"94779529221@s.whatsapp.net","fromMe":true,"id":"03BF98FC4D682525E34C2BE610FBAF42"},"messageTimestamp":1697525102},{"key":{"remoteJid":"94779529221@s.whatsapp.net","fromMe":true,"id":"A1348C51BBF711868E2382E894E5F4BE"},"messageTimestamp":1697525106}],"nextPreKeyId":31,"firstUnuploadedPreKeyId":31,"accountSyncCounter":1,"accountSettings":{"unarchiveChats":false},"account":{"details":"CPDmys0GEObauKkGGAI=","accountSignatureKey":"ASJmL97vi+6IXCG5AUenx4e6E1WtM+LYE8AAEHPdJSk=","accountSignature":"dv7DiKnv+ahlqZSdSAU5HoewlErrNy9ErUGAMCoHAjIaBarAZHtshT/Cys03GN+qVIlPHYKswTYV8XQLYN6mCQ==","deviceSignature":"Wlx6Ss38SKWnNQgw0k0A1ziF1l+A8S+yi6nf2ho+2Jn79sxyjrkPF6/2AV8zkaI6NncL8c/oHeJp9BDaFmdmhg=="},"me":{"id":"94779529221:8@s.whatsapp.net","name":"White Shadow"},"signalIdentities":[{"identifier":{"name":"94779529221:8@s.whatsapp.net","deviceId":0},"identifierKey":{"type":"Buffer","data":"BQEiZi/e74vuiFwhuQFHp8eHuhNVrTPi2BPAABBz3SUp"}}],"platform":"android","lastAccountSyncTimestamp":1697525097,"myAppStateKeyId":"AAAAAJ41"}
